ID,NAME,GROUP_ID,UNIT_NAME,TRANSLATED_NAME,BARCODE,BUY_PRICE,STOCK_AMOUNT,PRICE,DISCOUNT_RATE,DISABLE_WHEN_STOCK_AMOUNT_IS_ZERO,TAX_GROUP_ID,TAX_ID,Supplier,SupplierContact,SupplierAddress
215, Baking set,Bowls,,,,1000,5,1700,,,,2,,,
213, Bowl set,Bowls,,,,1200,3,1600,,,,2,,,
216, Cake set,Bowls,,,,1000,3,1500,,,,2,,,
131, dinner bowls,Bowls,,,,180,13,200,,,,2,,,
212, lids big,Sufurias,,,,100,15,150,,,,2,,,
211, lids small ,Sufurias,,,,60,11,100,,,,2,,,
307, men socks,bandanas,,,,30,12,50,,,,2,,,
619, scoop spoon,Spoons,,,,120,5,200,,,,2,,,
214, Soup set bowl,Bowls,,,,3500,1,4200,,,,2,,,
194,0.5l thermos,Thermos,,,,500,9,800,,,,2,,,
411,0rdinary kaulo plate,Plates,,,,34,148,50,,,,2,,,
172,11 litre Pcooker,Pressure cookers,,,,2800,4,3800,,,,2,,,
555,12 sufuria set,Sufurias,,,,3600,4,5100,,,,2,,,
517,218-10,Plates,,,,117,12,170,,,,2,,,
106,22010,Plates,,,,100,12,150,,,,2,,,
108,2217-10,Plates,,,,125,12,150,,,,2,,,
624,2236 plates,Plates,,,,67,6,100,,,,2,,,
111,2236-9,Plates,,,,67,27,100,,,,2,,,
115,2285-10,Plates,,,,125,5,180,,,,2,,,
102,2292-10,Plates,,,,108,42,150,,,,2,,,
105,2308-10,Plates,,,,125,18,150,,,,2,,,
103,2334-10,Plates,,,,116,72,150,,,,2,,,
449,26cm pan granite,Pans,,,,1500,2,1800,,,,2,,,
450,26cm pan white,Pans,,,,1300,2,1800,,,,2,,,
397,3 in one blender,blenders,,,,2800,6,3700,,,,2,,,
193,350l thermo,Thermos,,,,400,6,750,,,,2,,,
384,5l pressurecooker,Pressure cookers,,,,2200,4,3000,,,,2,,,
138,6506,Bowls,,,,80,10,120,,,,2,,,
137,6507,Bowls,,,,80,10,120,,,,2,,,
361,7 litres,Pressure cookers,,,,2500,4,3300,,,,2,,,
553,7 sufuria set,Sufurias,,,,7200,2,11900,,,,2,,,
544,83095 mellaplate,Plates,,,,75,24,125,,,,2,,,
171,9 litre,Pressure cookers,,,,2600,6,3500,,,,2,,,
120,acopal,Plates,,,,158,4,250,,,,2,,,
151,alladin set,Cups,,,,1000,2,1500,,,,2,,,
590,always thermo,Thermos,,,,1100,6,1400,,,,2,,,
153,arcopal glasses,Glasses,,,,600,1,900,,,,2,,,
95,assorted cups,Cups,,,,150,11,180,,,,2,,,
176,Axishotpot,Hot Pots,,,,1800,2,2500,,,,2,,,
366,bagged,umbrella,,,,150,10,200,,,,2,,,
579,balloon,Dog Toys,,,,3,40,10,,,,2,,,
274,bamboo,toothpicks,,,,150,11,200,,,,2,,,
362,bandana,bandanas,,,,30,11,50,,,,2,,,
437,barber machine,hair bands,,,,800,8,1400,,,,2,,,
639,basin stainless,Bowls,,,,550,2,900,,,,2,,,
310,bathroom,mats,,,,350,3,500,,,,2,,,
453,beautiful hot pot,Hot Pots,,,,3000,1,3500,,,,2,,,
478,beautiful thermo,Thermos,,,,700,4,1000,,,,2,,,
616,bellysufuria set,Sufurias,,,,3600,1,4500,,,,2,,,
316,belts,leso,,,,50,23,100,,,,2,,,
281,big,towels,,,,800,1,1000,,,,2,,,
332,big ball,balls,,,,200,22,300,,,,2,,,
269,Big Bottle,Water Bottles,,,,300,12,400,,,,2,,,
145,big bowl,Bowls,,,,200,21,300,,,,2,,,
121,big dinner ,Plates,,,,230,16,250,,,,2,,,
180,Big Dispenser,Dispensers,,,,4200,3,6000,,,,2,,,
166,big frying,Pans,,,,1000,1,2000,,,,2,,,
623,big kaulo bowls,Bowls,,,,350,3,550,,,,2,,,
396,big lid cup,Cups,,,,210,12,300,,,,2,,,
93,big mugs,Cups,,,,170,20,200,,,,2,,,
359,big salt,Dishes,,,,200,3,300,,,,2,,,
129,big saucer,Plates,,,,100,38,120,,,,2,,,
169,big ugali,Pans,,,,750,1,900,,,,2,,,
557,birika 6liters,Kettle,,,,1000,5,1300,,,,2,,,
558,birika 7liters,Kettle,,,,1100,5,1400,,,,2,,,
600,black,Cups,,,,117,6,167,,,,2,,,
448,black pan granite,Pans,,,,1000,2,1500,,,,2,,,
207,Black set,Sufurias,,,,4500,6,7500,,,,2,,,
621,bluewhite cupset,Cups,,,,550,1,900,,,,2,,,
147,bowls with lid,Bowls,,,,400,8,600,,,,2,,,
273,box,toothpicks,,,,300,4,400,,,,2,,,
91,brown bottom,Cups,,,,67,12,117,,,,2,,,
94,brown patterned,Cups,,,,142,12,184,,,,2,,,
622,browncup pattern,Cups,,,,50,12,100,,,,2,,,
426,bucket 10L,buckets,,,,100,10,130,,,,2,,,
416,Bucket 11,buckets,,,,110,5,130,,,,2,,,
415,Bucket 13,buckets,,,,130,5,180,,,,2,,,
427,bucket 15L,buckets,,,,130,5,150,,,,2,,,
414,Bucket 16,buckets,,,,130,15,180,,,,2,,,
428,bucket 20L,buckets,,,,150,10,200,,,,2,,,
425,bucket 5l,buckets,,,,70,5,100,,,,2,,,
417,Bucket 7,buckets,,,,70,5,100,,,,2,,,
324,buckets,Dispensers,,,,450,5,600,,,,2,,,
447,bull pan,Pans,,,,800,2,1300,,,,2,,,
242,Butcher Knife,Knives,,,,200,29,300,,,,2,,,
239,Butter Knives,Knives,,,,60,37,100,,,,2,,,
561,cake mould set,Cookers,,,,1600,1,2200,,,,2,,,
522,calabash,Plates,,,,380,5,500,,,,2,,,
88,capuccino,Cups,,,,100,12,150,,,,2,,,
143,cc3006,Bowls,,,,33,12,60,,,,2,,,
142,cc3007,Bowls,,,,41,28,80,,,,2,,,
642,Cellar Cask Red wine,Red Wine,,,,800,8,1400,,,,1,,,
380,chains,Dog Toys,,,,20,137,100,,,,2,,,
641,chair,Dog Toys,,,,480,24,580,,,,2,,,
277,chapati,chopping board,,,,130,22,200,,,,2,,,
640,chips basket,Trays,,,,1300,2,1600,,,,2,,,
444,chondo,bags,,,,700,11,900,,,,2,,,
264,Chopper,Knives,,,,500,7,700,,,,2,,,
327,clear,buckets,,,,160,20,200,,,,2,,,
423,clear serrated,buckets,,,,190,5,240,,,,2,,,
87,coffee cup,Cups,,,,125,12,167,,,,2,,,
196,Coffee thermos,Thermos,,,,400,2,700,,,,2,,,
146,coloured ,Bowls,,,,1200,1,1500,,,,2,,,
336,coloured balls,balls,,,,30,3,100,,,,2,,,
493,coloured saltshaker,Dishes,,,,100,6,150,,,,2,,,
205,Coloured set,Sufurias,,,,4000,4,5000,,,,2,,,
318,cosget,necklace,,,,30,60,50,,,,2,,,
286,country,hats,,,,170,11,500,,,,2,,,
585,covid bucket,buckets,,,,350,6,650,,,,2,,,
577,cup set,Dog Toys,,,,300,1,500,,,,2,,,
195,Cup thermos,Thermos,,,,650,1,1000,,,,2,,,
246,cutlery set_sunnex,Knives,,,,1000,1,1500,,,,2,,,
383,deco cup,Cups,,,,55,12,120,,,,2,,,
429,Dessini set,Sufurias,,,,6000,1,7500,,,,2,,,
591,dinner diva plate,Plates,,,,134,42,250,,,,2,,,
592,dinner redberry,Plates,,,,145,48,250,,,,2,,,
455,disco watch,Dog Toys,,,,25,6,50,,,,2,,,
394,disluck,Trays,,,,650,3,1000,,,,2,,,
86,diva,Cups,,,,142,57,200,,,,2,,,
117,diva plates,Plates,,,,141,40,183,,,,2,,,
109,DN,Plates,,,,91,12,117,,,,2,,,
340,Doctor doll,Dog Toys,,,,300,5,500,,,,2,,,
76,Dog Chuchu,Dog Toys,,,,150,4,200,,,,2,,,
311,door,mats,,,,350,6,500,,,,2,,,
174,Double hotpot,Hot Pots,,,,1800,1,2500,,,,2,,,
547,double rack,Trays,,,,650,16,900,,,,2,,,
638,double wall thermo,Thermos,,,,850,5,1300,,,,2,,,
543,doublecoluor mabati,Cups,,,,270,36,325,,,,2,,,
599,drawer mat,mats,,,,450,1,650,,,,2,,,
377,drawing board,Dog Toys,,,,100,5,250,,,,2,,,
309,duvet,duvets,,,,1400,10,2300,,,,2,,,
381,ear rings 7,Dog Toys,,,,5,75,20,,,,2,,,
436,egg spoon,Spoons,,,,50,10,100,,,,2,,,
523,electric mixer,blenders,,,,1100,4,1700,,,,2,,,
446,electric stainless,Kettle,,,,3600,5,4200,,,,2,,,
107,eurovision,Plates,,,,67,21,100,,,,2,,,
110,eurovision dinner pl,Plates,,,,91,10,117,,,,2,,,
560,ever fresh set,buckets,,,,250,10,400,,,,2,,,
187,Excd thermos,Thermos,,,,650,15,1000,,,,2,,,
304,face,towels,,,,16,100,30,,,,2,,,
400,feeding forks,Spoons,,,,8,62,20,,,,2,,,
235,Feeding heavy spoon,Spoons,,,,60,12,100,,,,2,,,
237,Feeding kzh,Spoons,,,,10,219,20,,,,2,,,
236,Feeding stainless,Spoons,,,,9,105,20,,,,2,,,
202,Fibre big plate,Plates,,,,200,2,300,,,,2,,,
201,Fibre medium plate,Plates,,,,180,4,250,,,,2,,,
200,Fibre small plate,Plates,,,,150,3,200,,,,2,,,
472,fibre tray,Trays,,,,130,10,200,,,,2,,,
197,Fish plate,Plates,,,,160,24,200,,,,2,,,
526,flowered chopping,chopping board,,,,400,3,500,,,,2,,,
141,flowered mella,Bowls,,,,33,22,60,,,,2,,,
473,food flask,Thermos,,,,1000,11,1500,,,,2,,,
541,freedom pan,Pans,,,,400,5,600,,,,2,,,
300,fruit deco,fruit,,,,30,2,50,,,,2,,,
535,fruit rack,Trays,,,,1200,3,1700,,,,2,,,
617,frying pan,Pans,,,,220,6,350,,,,2,,,
518,garic press,blenders,,,,400,5,600,,,,2,,,
85,gift pack,Cups,,,,100,30,125,,,,2,,,
568,gift wrapper,mats,,,,8,100,25,,,,2,,,
288,girls,hats,,,,60,17,150,,,,2,,,
99,glass,Cups,,,,100,6,150,,,,2,,,
352,glass 2,Bowls,,,,800,2,1300,,,,2,,,
461,glass bowl,Bowls,,,,300,1,700,,,,2,,,
611,glass bowlbig,Bowls,,,,400,1,750,,,,2,,,
612,glass bowlmedium,Bowls,,,,400,1,750,,,,2,,,
614,glass bowlopen,Bowls,,,,300,1,500,,,,2,,,
613,glass bowlrid,Bowls,,,,350,1,750,,,,2,,,
620,glass cups set,Cups,,,,400,1,900,,,,2,,,
610,glass deco plate,ear rings,,,,100,5,150,,,,2,,,
161,glass jugs,Glasses,,,,250,12,350,,,,2,,,
152,glass mug,Cups,,,,150,12,180,,,,2,,,
495,glass plate,Plates,,,,59,12,100,,,,2,,,
156,glass sets,Glasses,,,,1200,8,1700,,,,2,,,
467,glss jug 35,Glasses,,,,280,2,350,,,,2,,,
457,goggles,Dog Toys,,,,100,24,200,,,,2,,,
633,goodmorn thermo,Thermos,,,,600,2,1000,,,,2,,,
299,grapes,fruit,,,,300,2,500,,,,2,,,
588,grater simple,blenders,,,,30,24,50,,,,2,,,
162,grill ,Pans,,,,3000,6,4000,,,,2,,,
636,group jug,Glasses,,,,300,5,450,,,,2,,,
646,Guiness Can,Guiness,,,,180,10,220,,,,1,,,
295,hand bag,bags,,,,250,33,500,,,,2,,,
392,hand mixer,blenders,,,,350,6,600,,,,2,,,
609,happy home,Hot Pots,,,,2200,2,3200,,,,2,,,
460,heavy mella bowls,Bowls,,,,63,18,100,,,,2,,,
114,heavy mellla,Plates,,,,140,4,200,,,,2,,,
144,hf20028,Bowls,,,,100,10,130,,,,2,,,
631,high class thermo,Thermos,,,,600,2,900,,,,2,,,
262,Horns,Dishes,,,,50,7,150,,,,2,,,
452,hot pot insulated,Hot Pots,,,,1300,3,2500,,,,2,,,
451,hot pot stainless,Hot Pots,,,,2200,1,3200,,,,2,,,
402,hurra hoops,Dog Toys,,,,150,16,250,,,,2,,,
155,ice cream,Glasses,,,,100,6,130,,,,2,,,
515,indian keyholder,holders,,,,50,50,100,,,,2,,,
440,iron box,blenders,,,,900,5,1400,,,,2,,,
259,Jamjar Sugardish,Dishes,,,,250,4,400,,,,2,,,
182,Juice Dispenser,Dispensers,,,,4000,1,5500,,,,2,,,
408,jumping rope big,Dog Toys,,,,60,19,150,,,,2,,,
413,Jumping rope biggest,Dog Toys,,,,70,12,200,,,,2,,,
409,jumping rope small,Dog Toys,,,,40,10,100,,,,2,,,
244,Kaijin Knives ,Knives,,,,100,10,150,,,,2,,,
481,kamba,Dog Toys,,,,70,7,150,,,,2,,,
399,karai  signature,Pans,,,,1100,6,1600,,,,2,,,
225,kaulo Kettle,Kettle,,,,550,10,800,,,,2,,,
133,kaulu,Bowls,,,,90,5,120,,,,2,,,
475,keep fresh,buckets,,,,500,2,700,,,,2,,,
602,kenstar babyplate,Plates,,,,25,120,35,,,,2,,,
101,kenstar big,Plates,,,,45,33,53,,,,2,,,
430,kenstar cup set,Cups,,,,300,37,380,,,,2,,,
100,kenstar small,Plates,,,,30,120,55,,,,2,,,
607,kenstar smallcup,Cups,,,,275,22,350,,,,2,,,
637,kenster plain cup,Cups,,,,430,120,500,,,,2,,,
228,Kettle set,Kettle,,,,3500,1,4500,,,,2,,,
566,kettlecups set,Kettle,,,,1800,1,2500,,,,2,,,
445,key holder,Dog Toys,,,,60,35,100,,,,2,,,
519,kibiri,blenders,,,,1100,5,1600,,,,2,,,
536,kichungi 1,Spoons,,,,5,36,10,,,,2,,,
537,kichungi 2,Spoons,,,,7,36,15,,,,2,,,
538,kichungi 3,Spoons,,,,8,36,20,,,,2,,,
540,kichungi 4,Spoons,,,,20,36,40,,,,2,,,
412,kichungi small,Spoons,,,,80,12,100,,,,2,,,
378,kid bungle,Dog Toys,,,,10,12,20,,,,2,,,
407,kid clip,Dog Toys,,,,20,20,30,,,,2,,,
458,kid goggles,Dog Toys,,,,25,48,50,,,,2,,,
328,kids,umbrella,,,,100,9,150,,,,2,,,
459,kidude marvin,bandanas,,,,150,13,200,,,,2,,,
487,kidude small,bandanas,,,,100,12,150,,,,2,,,
431,kings net,net,,,,500,6,750,,,,2,,,
77,Kiruri Handle,Sufurias,,,,2700,10,3500,,,,2,,,
179,Kiruri No Handle,Sufurias,,,,2600,9,3200,,,,2,,,
303,kitchen,towels,,,,80,24,150,,,,2,,,
241,kitchen mediumknife,Knives,,,,100,15,150,,,,2,,,
578,kitchen set,Dog Toys,,,,200,1,500,,,,2,,,
240,kitchen small Knives,Knives,,,,80,17,120,,,,2,,,
243,Knives set,Knives,,,,2000,2,2500,,,,2,,,
605,knstar smallcup,Cups,,,,250,12,350,,,,2,,,
287,ladies,hats,,,,150,8,250,,,,2,,,
293,largest monkey,bags,,,,250,1,700,,,,2,,,
199,Leaf plate,Plates,,,,200,2,300,,,,2,,,
390,lemon sq,blenders,,,,180,6,300,,,,2,,,
596,lid cup small,Cups,,,,125,12,180,,,,2,,,
112,light mella,Plates,,,,50,23,80,,,,2,,,
160,light water,Glasses,,,,250,2,300,,,,2,,,
104,Line plate,Plates,,,,125,60,150,,,,2,,,
514,lion brandkettle,Kettle,,,,450,12,500,,,,2,,,
317,loops,ear rings,,,,15,24,50,,,,2,,,
78,Luminac,Cups,,,,185,18,250,,,,2,,,
565,luminarc bowls,Bowls,,,,90,10,120,,,,2,,,
556,luminarc cups,Cups,,,,200,60,250,,,,2,,,
122,luminarc dinner,Plates,,,,200,4,250,,,,2,,,
533,luminarc flowered,Cups,,,,216,48,250,,,,2,,,
469,luminarc glasses,Glasses,,,,600,12,900,,,,2,,,
516,lunch box,Hot Pots,,,,300,10,500,,,,2,,,
363,lyons,blenders,,,,2500,3,3000,,,,2,,,
484,lyons  gas,Pressure cookers,,,,3000,1,4500,,,,2,,,
227,Lyons Kettle,Kettle,,,,800,1,1200,,,,2,,,
98,mabati,Cups,,,,250,19,350,,,,2,,,
148,mabati big bowl,Bowls,,,,25,12,50,,,,2,,,
542,mabati coluored,Bowls,,,,38,192,50,,,,2,,,
510,mabati half,Cups,,,,50,5,100,,,,2,,,
479,mabati medium bowl,Bowls,,,,24,12,40,,,,2,,,
586,mabati plate,Plates,,,,25,36,40,,,,2,,,
482,mabati sieves,Spoons,,,,120,12,200,,,,2,,,
480,mabati small bowl,Bowls,,,,19,12,30,,,,2,,,
594,madazi spoon,Spoons,,,,150,5,250,,,,2,,,
601,maroon lined,Cups,,,,117,6,167,,,,2,,,
285,marvin,hats,,,,100,8,150,,,,2,,,
595,mashers big,blenders,,,,300,5,450,,,,2,,,
391,mashers small,blenders,,,,200,4,300,,,,2,,,
344,Masks,Dog Toys,,,,10,19,20,,,,2,,,
178,Matrix hotpot,Hot Pots,,,,4500,1,7000,,,,2,,,
248,Meat Fork,Knives,,,,70,8,250,,,,2,,,
509,meat mincer big,blenders,,,,1000,1,1700,,,,2,,,
508,meat mincer small,blenders,,,,800,2,1500,,,,2,,,
282,medium,towels,,,,500,6,700,,,,2,,,
334,medium ball,balls,,,,100,11,200,,,,2,,,
96,mella ,Cups,,,,80,20,100,,,,2,,,
546,mella basin,Bowls,,,,350,3,500,,,,2,,,
222,Mella bigltray,Trays,,,,450,1,600,,,,2,,,
221,Mella mediumltray,Trays,,,,250,6,450,,,,2,,,
97,mella orange,Cups,,,,120,8,140,,,,2,,,
630,mella platepatten,Plates,,,,113,12,150,,,,2,,,
220,Mella smalltray,Trays,,,,150,2,250,,,,2,,,
503,mellaware plates,Plates,,,,120,24,150,,,,2,,,
393,metal bowl,Bowls,,,,20,6,40,,,,2,,,
189,Mexxi 1.3 thermos,Thermos,,,,1700,4,2000,,,,2,,,
190,Mexxi 1.9 thermos,Thermos,,,,1800,2,2300,,,,2,,,
188,Mexxi 1l thermos,Thermos,,,,1000,2,1300,,,,2,,,
206,Mexxi set,Sufurias,,,,13000,2,15000,,,,2,,,
219,Mexxi smalltray,Trays,,,,600,2,800,,,,2,,,
218,Mexxi trayset,Trays,,,,3500,5,4500,,,,2,,,
534,milk can,buckets,,,,1800,5,2500,,,,2,,,
154,milkshake,Glasses,,,,1300,1,1700,,,,2,,,
292,monkey big,bags,,,,250,2,600,,,,2,,,
291,monkey medium,bags,,,,250,3,500,,,,2,,,
290,monkey small,bags,,,,250,2,400,,,,2,,,
500,morden cups,Cups,,,,110,24,150,,,,2,,,
498,mordern grater,Knives,,,,150,11,250,,,,2,,,
315,mosquito,net,,,,1800,1,2300,,,,2,,,
263,Motor and Pestle,Dishes,,,,400,3,600,,,,2,,,
580,mukwanjo,holders,,,,275,24,600,,,,2,,,
492,multicolour plastic,Glasses,,,,25,33,50,,,,2,,,
418,mwiko,Spoons,,,,20,27,30,,,,2,,,
322,my drink,Glasses,,,,850,2,1000,,,,2,,,
489,net holder,holders,,,,150,6,200,,,,2,,,
524,net mats,mats,,,,42,24,50,,,,2,,,
124,net patterned,Plates,,,,180,31,200,,,,2,,,
587,nice green plate,Plates,,,,65,73,120,,,,2,,,
186,Nice thermos,Thermos,,,,650,3,1300,,,,2,,,
163,non stick,Pans,,,,600,2,800,,,,2,,,
164,non stick pro,Pans,,,,1200,6,1500,,,,2,,,
398,nunix dispenser,Dispensers,,,,4500,1,6500,,,,2,,,
483,nunix gas,Pressure cookers,,,,2500,1,3500,,,,2,,,
183,Odinary bigthermos,Thermos,,,,350,36,450,,,,2,,,
184,Odinary smallthermos,Thermos,,,,290,13,350,,,,2,,,
229,OK cup,Cups,,,,120,43,150,,,,2,,,
551,ordinary buckets,buckets,,,,1100,3,1500,,,,2,,,
530,ordinary chapatipan,Pans,,,,450,5,550,,,,2,,,
501,ordinary cups,Cups,,,,42,12,50,,,,2,,,
435,ordinary knife,Knives,,,,25,36,50,,,,2,,,
198,Ovol plate,Plates,,,,46,18,100,,,,2,,,
576,pada car,Dog Toys,,,,50,10,100,,,,2,,,
474,panty holder,holders,,,,230,6,450,,,,2,,,
204,Paradin big,Sufurias,,,,1875,4,2500,,,,2,,,
203,Paradin small,Sufurias,,,,5500,1,7000,,,,2,,,
279,patterned,bandanas,,,,30,12,50,,,,2,,,
527,PC plates,Plates,,,,110,36,150,,,,2,,,
319,pearl,necklace,,,,30,45,50,,,,2,,,
321,pearl band,hair bands,,,,30,20,50,,,,2,,,
564,pedal bin,buckets,,,,1000,2,1500,,,,2,,,
488,pegs,holders,,,,6,48,20,,,,2,,,
376,piano,Dog Toys,,,,220,4,350,,,,2,,,
159,plastic,Glasses,,,,200,5,300,,,,2,,,
405,plastic grater big,Knives,,,,150,8,200,,,,2,,,
266,Plastic Gratersmall,Knives,,,,80,12,150,,,,2,,,
382,plastic jug,Glasses,,,,80,13,150,,,,2,,,
439,plastic sieve,Spoons,,,,50,12,100,,,,2,,,
571,plasticspoon set,Spoons,,,,450,4,600,,,,2,,,
395,plot payment,Dog Toys,,,,5100,1,5100,,,,2,,,
511,potato chipper,Knives,,,,1000,4,1600,,,,2,,,
276,proffesional,chopping board,,,,250,7,350,,,,2,,,
502,proffesional small,chopping board,,,,200,5,250,,,,2,,,
297,purse,bags,,,,100,6,150,,,,2,,,
298,purse class,bags,,,,150,1,250,,,,2,,,
388,rainbow umbrella,umbrella,,,,230,10,400,,,,2,,,
486,ramtons  gas,Pressure cookers,,,,4000,1,5000,,,,2,,,
208,Red berry,Sufurias,,,,2600,2.7,4160,,,,2,,,
209,Redberry,Sufurias,,,,450,86,600,,,,2,,,
226,Redberry  Kettle,Kettle,,,,1500,0,1800,,,,2,,,
167,redberry 22,Pans,,,,450,2,700,,,,2,,,
168,redberry 24,Pans,,,,550,1,800,,,,2,,,
608,redberry 2in one,blenders,,,,2200,2,3200,,,,2,,,
119,redberry dinner,Plates,,,,158,14,250,,,,2,,,
356,redberry medium,Sufurias,,,,600,1,700,,,,2,,,
118,redberry soup,Plates,,,,141,36,183,,,,2,,,
192,Regal 2l thermos,Thermos,,,,1500,7,2000,,,,2,,,
374,regal 3ltrs,Thermos,,,,1800,8,2500,,,,2,,,
570,rings deco,Dog Toys,,,,50,60,100,,,,2,,,
569,rings plain,Dog Toys,,,,30,30,100,,,,2,,,
345,Robbot car,Dog Toys,,,,550,2,650,,,,2,,,
573,rock tray,Trays,,,,170,5,280,,,,2,,,
278,rolling pin,chopping board,,,,50,30,70,,,,2,,,
521,room heater,Cookers,,,,1800,2,2800,,,,2,,,
410,rose kettie,Kettle,,,,900,5,1400,,,,2,,,
260,Royalcandy sdish,Dishes,,,,250,8,350,,,,2,,,
294,safari,bags,,,,250,1,500,,,,2,,,
567,saladbowl set,Bowls,,,,1000,1,1500,,,,2,,,
357,salt shaker,Dishes,,,,60,4,80,,,,2,,,
419,sandwitch maker,Pans,,,,1700,2,2500,,,,2,,,
598,sathya blender,blenders,,,,2000,2,3000,,,,2,,,
149,saucer,Cups,,,,1500,1,2000,,,,2,,,
177,Savillehotpot,Hot Pots,,,,4200,1,6000,,,,2,,,
305,school socks,bandanas,,,,30,36,50,,,,2,,,
441,scrubber,Thermos,,,,30,102,50,,,,2,,,
545,serrated mellaplate,Plates,,,,75,12,125,,,,2,,,
253,Serviet holder big,Spoons,,,,350,2,500,,,,2,,,
252,Serviet holder small,Spoons,,,,130,15,200,,,,2,,,
251,Serviet holder uniq,Spoons,,,,400,4,700,,,,2,,,
234,Serving Mella,Spoons,,,,80,5,150,,,,2,,,
233,Serving spoon,Spoons,,,,70,14,250,,,,2,,,
191,Sgnature thermos,Thermos,,,,1200,2,1700,,,,2,,,
387,shade umbrella,umbrella,,,,1400,4,2000,,,,2,,,
575,shaker,Dog Toys,,,,17,24,50,,,,2,,,
525,shiny holder,holders,,,,120,9,200,,,,2,,,
80,Shocky,Cups,,,,183,52,250,,,,2,,,
245,Shopset Knives ,Knives,,,,1000,1,1500,,,,2,,,
589,short glass set,Glasses,,,,450,54,900,,,,2,,,
385,short servingspoon,Spoons,,,,35,12,80,,,,2,,,
618,shortheavy spoon,Spoons,,,,70,5,120,,,,2,,,
128,side plates,Plates,,,,180,28,200,,,,2,,,
256,Sieves kichungi,Spoons,,,,100,16,130,,,,2,,,
632,signat thermo od,Thermos,,,,1000,3,1300,,,,2,,,
210,Signature,Sufurias,,,,500,8,840,,,,2,,,
364,signature 3 in 1,blenders,,,,3000,4,3700,,,,2,,,
476,signature bottle,Thermos,,,,600,2,1000,,,,2,,,
81,signature dotted,Cups,,,,208,44,250,,,,2,,,
477,signature Tcup,Thermos,,,,450,3,650,,,,2,,,
443,silver guns,Dog Toys,,,,70,12,150,,,,2,,,
497,simple sugardish,Dishes,,,,100,6,150,,,,2,,,
604,singlewoodenspoon,Spoons,,,,70,10,120,,,,2,,,
355,sinia big,Trays,,,,200,5,300,,,,2,,,
354,sinia smallstainless,Trays,,,,120,6,200,,,,2,,,
353,sinia stainless,Trays,,,,250,3,350,,,,2,,,
470,skimmer big,Spoons,,,,200,3,300,,,,2,,,
471,skimmer small,Spoons,,,,100,5,200,,,,2,,,
254,Skimmers ,Spoons,,,,200,3,300,,,,2,,,
268,Smal stainles Grater,Knives,,,,80,5,150,,,,2,,,
283,small,towels,,,,190,10,250,,,,2,,,
270,Small Bottle,Water Bottles,,,,180,12,300,,,,2,,,
597,small colourbowl,Bowls,,,,20,24,40,,,,2,,,
330,small convert,umbrella,,,,200,5,350,,,,2,,,
181,Small Dispenser,Dispensers,,,,3000,1,4000,,,,2,,,
339,Small doll,Dog Toys,,,,85,10,100,,,,2,,,
559,small door mats,mats,,,,160,10,250,,,,2,,,
165,small frying,Pans,,,,1000,1,1500,,,,2,,,
130,small saucer,Plates,,,,80,9,100,,,,2,,,
494,small shaker,Dishes,,,,17,24,50,,,,2,,,
170,small ugali,Pans,,,,650,3,900,,,,2,,,
499,smallest traymella,Trays,,,,100,6,150,,,,2,,,
125,smooth,Plates,,,,180,24,200,,,,2,,,
284,soft,towels,,,,350,3,600,,,,2,,,
314,soft small,blankets,,,,650,1,800,,,,2,,,
313,soft throw,blankets,,,,550,10,1000,,,,2,,,
346,Speed car,Dog Toys,,,,350,7,450,,,,2,,,
261,Spicy set,Dishes,,,,3500,1,4500,,,,2,,,
456,spider man,Dog Toys,,,,60,2,100,,,,2,,,
126,spiral big,Plates,,,,180,22,200,,,,2,,,
127,spiral small,Plates,,,,125,4,167,,,,2,,,
140,spiral small bowl,Bowls,,,,80,3,100,,,,2,,,
583,sponge scrubber,Thermos,,,,15,12,30,,,,2,,,
249,Spoon holder,Spoons,,,,350,9,600,,,,2,,,
528,sport flask,Thermos,,,,600,16,1000,,,,2,,,
306,sport men socks,bandanas,,,,30,24,70,,,,2,,,
289,sports,bags,,,,50,20,70,,,,2,,,
466,spray bottle,Water Bottles,,,,170,10,200,,,,2,,,
491,square hotpot,Hot Pots,,,,1800,2,2500,,,,2,,,
365,stainless,Trays,,,,1000,2,1300,,,,2,,,
548,stainless 10,buckets,,,,700,2,1000,,,,2,,,
549,stainless 15,buckets,,,,800,2,1100,,,,2,,,
550,stainless 20,buckets,,,,900,2,1300,,,,2,,,
635,stainless basin,Trays,,,,500,2,1000,,,,2,,,
326,stainless big,buckets,,,,700,6,750,,,,2,,,
265,Stainless Big Grater,Knives,,,,200,1,300,,,,2,,,
247,Stainless cutleryset,Knives,,,,800,2,1000,,,,2,,,
224,Stainless Kettle,Kettle,,,,1300,1,2000,,,,2,,,
438,stainless sieve,Spoons,,,,220,6,300,,,,2,,,
325,stainless small,buckets,,,,650,4,700,,,,2,,,
185,Stainless thermos,Thermos,,,,800,6,1100,,,,2,,,
531,starfresh deco,buckets,,,,600,2,800,,,,2,,,
532,starfresh plain,buckets,,,,500,2,700,,,,2,,,
627,steel basin big,Dishes,,,,350,1,500,,,,2,,,
628,steel basin medium,Dishes,,,,300,1,400,,,,2,,,
629,steel basin small,Dishes,,,,200,1,300,,,,2,,,
626,steel sinia big,Trays,,,,200,5,300,,,,2,,,
625,steel sinia small,Trays,,,,180,5,250,,,,2,,,
302,sticker hanger,room,,,,60,11,150,,,,2,,,
123,stone ,Plates,,,,180,59,200,,,,2,,,
507,sufuria 10,Sufurias,,,,700,2,1000,,,,2,,,
504,sufuria 7,Sufurias,,,,500,2,700,,,,2,,,
505,sufuria 8,Sufurias,,,,600,2,800,,,,2,,,
506,sufuria 9,Sufurias,,,,600,2,900,,,,2,,,
257,Sugar dish big,Dishes,,,,800,4,900,,,,2,,,
258,Sugar dish small,Dishes,,,,350,12,500,,,,2,,,
603,sunda mugset,Cups,,,,750,2,1400,,,,2,,,
634,sunda platessmart,Plates,,,,134,6,200,,,,2,,,
132,sundabest,Bowls,,,,50,24,100,,,,2,,,
373,sundabest big,Thermos,,,,380,0,480,,,,2,,,
82,sundabest flowered,Cups,,,,125,12,166,,,,2,,,
84,sundabest medium,Cups,,,,125,24,150,,,,2,,,
584,sundabest s plate,Plates,,,,134,72,175,,,,2,,,
372,sundabest small,Thermos,,,,300,0,350,,,,2,,,
347,Sunflower,Dog Toys,,,,30,6,50,,,,2,,,
434,table cover big,mats,,,,130,6,180,,,,2,,,
433,table cover small,mats,,,,70,5,100,,,,2,,,
308,table mats,towels,,,,650,3,850,,,,2,,,
401,TDL,Kettle,,,,800,4,1400,,,,2,,,
468,teaspoon,Spoons,,,,10,72,20,,,,2,,,
238,Teaspoons,Spoons,,,,60,16,100,,,,2,,,
406,teaun 5.8,Kettle,,,,1700,6,2000,,,,2,,,
232,Tea_un 15litre,Kettle,,,,6300,2,7500,,,,2,,,
231,Tea_un 7litre,Kettle,,,,1500,9,2000,,,,2,,,
230,Tea_un 9litre,Kettle,,,,1800,13,2500,,,,2,,,
337,tenniss,balls,,,,30,46,50,,,,2,,,
275,tissue,holders,,,,350,3,500,,,,2,,,
386,tongs,Spoons,,,,120,10,200,,,,2,,,
465,towel 5,towels,,,,250,2,500,,,,2,,,
582,towel 7,towels,,,,500,5,700,,,,2,,,
490,travel thermos,Thermos,,,,800,4,1200,,,,2,,,
280,tribal,leso,,,,300,13,500,,,,2,,,
175,Trident hotpot,Hot Pots,,,,2300,2,3000,,,,2,,,
341,Trumpets,Dog Toys,,,,40,7,70,,,,2,,,
645,Tusker Can,Tusker,,,,180,10,240,,,,1,,,
643,Tusker Cider,Tusker,,,,160,10,220,,,,1,,,
644,Tusker Lite,Tusker,,,,160,10,220,,,,1,,,
271,tycoon,toothpicks,,,,400,10,550,,,,2,,,
368,umb 18,umbrella,,,,180,10,250,,,,2,,,
369,umb 30,umbrella,,,,300,10,450,,,,2,,,
371,umb 35,umbrella,,,,350,10,500,,,,2,,,
331,umb big,umbrella,,,,300,4,500,,,,2,,,
223,Unbreakable ltray,Trays,,,,700,1,800,,,,2,,,
464,unbreakable oval ,Plates,,,,75,24,110,,,,2,,,
462,unbreakable plates,Plates,,,,100,39,150,,,,2,,,
113,unbreakable small,Plates,,,,84,24,130,,,,2,,,
420,uteo big,Trays,,,,200,5,300,,,,2,,,
615,uteo deco,Trays,,,,230,3,300,,,,2,,,
421,uteo medium,Trays,,,,150,3,250,,,,2,,,
422,uteo small,Trays,,,,130,7,200,,,,2,,,
562,vegcutter small,blenders,,,,1500,3,2000,,,,2,,,
512,vegetable cutter big,blenders,,,,1500,7,2200,,,,2,,,
301,wall ,room,,,,150,18,250,,,,2,,,
350,Wall clockbig,ear rings,,,,1000,4,1500,,,,2,,,
349,Wall clocksmall,ear rings,,,,600,5,1000,,,,2,,,
360,washers,Thermos,,,,150,9,200,,,,2,,,
348,Watches,ear rings,,,,150,32,500,,,,2,,,
454,water game,Dog Toys,,,,60,5,100,,,,2,,,
342,Water gunsbig,Dog Toys,,,,50,5,80,,,,2,,,
343,Water gunsmall,Dog Toys,,,,20,6,50,,,,2,,,
158,water redberry,Glasses,,,,50,22,100,,,,2,,,
157,water set,Glasses,,,,1200,5,1600,,,,2,,,
173,Wegas hotpot,Hot Pots,,,,4200,1,5500,,,,2,,,
513,whisk,blenders,,,,100,7,250,,,,2,,,
90,white flowered,Cups,,,,125,9,167,,,,2,,,
89,white patterned ,Cups,,,,125,14,167,,,,2,,,
379,wig cap,Dog Toys,,,,12,30,15,,,,2,,,
358,wine,Glasses,,,,133,19,200,,,,2,,,
496,wooden set,Spoons,,,,200,8,400,,,,2,,,
432,woolen duvet,duvets,,,,1500,10,1900,,,,2,,,
150,yellow cup,Cups,,,,140,17,183,,,,2,,,
92,yellow patterned cup,Cups,,,,125,11,167,,,,2,,,
